,User,Tweet
0,Royal_Ryder,RT @AbsoluteChelsea: #Chelsea are exploring the possibility of signing Youssoufa Moukoko. A move is 'certainly not done' but other Premierâ€¦
1,offset6mm,RT @David_Ornstein: ğŸš¨ Arsenal priority for January window is Mykhaylo Mudryk. No agreements but conversations happening &amp; 21yo Shakhtar Donâ€¦
2,OKAMOTO408,"RT @JRAVAN_info: ã€é¦™æ¸¯ã‚«ãƒƒãƒ—ã€‘é¦™æ¸¯ãƒ€ãƒ¼ãƒ“ãƒ¼é¦¬ãƒ­ãƒãƒ³ãƒãƒƒã‚¯ã‚¦ã‚©ãƒªã‚¢ãƒ¼ã€2ç€ã®ãƒ€ãƒãƒ³ã‚¶ã‚­ãƒƒãƒ‰ã‚‰åœ§å€’ã—ã¦æ—¥æœ¬å‹¢ã‹ã‚‰ã‚¿ã‚¤ãƒˆãƒ«å¥ªé‚„ #ç«¶é¦¬ #keiba
https://t.co/0nyvZzm0hJ

ã€å…¨ç€é †ãƒ»çµæœã€‘é¦™æ¸¯ã‚«ãƒƒãƒ—ï¼ˆ2022ï¼‰
https://t.co/â€¦"
3,Tictacbets,"â€˜Al Hilmâ€™, the official match ball of FIFA World Cup 2022 finals.
The new ball is named Al Hilm which translates as â€œThe Dreamâ€. https://t.co/u18bPGBPTi"
4,QuijoteBeni,"RT @Geryco81: ğŸ’‰ğŸ Regalatela por Navidad!! ğŸ˜´
#repentinitis #COVID #vacunacion

https://t.co/E9rpcBvTU3 https://t.co/I0Ad66TvZ4"
5,Worldpak2,"Can Ronaldo rediscover his purpose after World Cup exit? | Qatar World Cup 2022 News - https://t.co/V6xI6j3sZM 
Athletes are the most self-actualised species on the planet.Â Guts and tenacity take them to the top of Maslowâ€™s pyramid but itâ€™s the heightened sense of purpose tha... https://t.co/kpQjwMTVLX"
6,Liii_Lico,"RT @soccanime: FIFA WORLD CUP QATAR 2022
ã‚°ãƒ«ãƒ¼ãƒ—E ç¬¬3ç¯€
æ—¥æœ¬ 2-1 ã‚¹ãƒšã‚¤ãƒ³

VAR CHECK https://t.co/u2wYXG0Shy"
7,3179Arshavin,RT @David_Ornstein: ğŸš¨ Arsenal priority for January window is Mykhaylo Mudryk. No agreements but conversations happening &amp; 21yo Shakhtar Donâ€¦
8,xzustinx,"RT @ESPNFC: âŒ 2006
âŒ 2010 
âŒ 2014 
âŒ 2018 
âŒ 2022

Ronaldo might be finishing his international career without scoring a knockout stage goaâ€¦"
9,ibk_adeniyi,"RT @leotventertain: Today's meme thread ğŸ˜‚ğŸ˜‚ğŸ˜‚ From Qatar 2022 FIFA World cup to Wizkid (Sir Wizkid, Big WIZ, Popsy)-Ghana show to Dark humorsâ€¦"
10,hamza31988699,"RT @ZaynMahmood5: Captain Babar Azam in 2022
9 out of 10 L for KK
Lost 1-0 vs Aus at home
1-1 draw vs SL
Bottled one of the easiest Asia cuâ€¦"
11,turuma_s,"RT @tak53381102: å…ƒç¥–ã‚³ãƒ­ãƒŠã‚¦ã‚¤ãƒ«ã‚¹ã®MERSã‹ã€‚ç¢ºã‹ã«ã‚µãƒƒã‚«ãƒ¼è¦³æˆ¦å¾Œã«è¦³å…‰ã«è¡Œãäººã¯æ³¨æ„ã ãª
https://t.co/TpVDNyYDij

â€ãƒ¯ãƒ¼ãƒ«ãƒ‰ã‚«ãƒƒãƒ—ã‹ã‚‰å¸°å›½ã—ãŸã‚¤ãƒ³ã‚°ãƒ©ãƒ³ãƒ‰ãƒ»ãƒ•ã‚¡ãƒ³ã¯ã€è‡´å‘½çš„ãªãƒ©ã‚¯ãƒ€é¢¨é‚ªã‚’å®¶ã«æŒã¡å¸°ã‚‹å±é™ºæ€§ã«ã¤ã„ã¦è­¦å‘Šã•ã‚Œã¦ã„ã‚‹ã€‚â†’"
12,Monalisabbyy,"RT @leotventertain: Today's meme thread ğŸ˜‚ğŸ˜‚ğŸ˜‚ From Qatar 2022 FIFA World cup to Wizkid (Sir Wizkid, Big WIZ, Popsy)-Ghana show to Dark humorsâ€¦"
13,_kathiiie,"RT @the_real_comfyy: Choose your betting options for World Cup 2022, place stakes on top matches and get excited about World Cup 2022 withâ€¦"
14,ahmedbouelkheir,RT @David_Ornstein: ğŸš¨ Arsenal priority for January window is Mykhaylo Mudryk. No agreements but conversations happening &amp; 21yo Shakhtar Donâ€¦
15,OKAMOTO408,"RT @JRAVAN_info: ã€é¦™æ¸¯ã‚«ãƒƒãƒ—ã€‘ãƒ¬ãƒ¼ã‚¹å¾Œã®ãƒ€ãƒãƒ³ã‚¶ã‚­ãƒƒãƒ‰ã‚‰é–¢ä¿‚è€…ã‚³ãƒ¡ãƒ³ãƒˆã§ã™ï¼ #ç«¶é¦¬ #keiba

åŒ—æ‘å‹ä¸€é¨æ‰‹ã€Œå‰èµ°åŒæ§˜ã«é–“ã‚’å‰²ã£ã¦ã‚ˆãä¼¸ã³ã¦ãã‚ŒãŸã¨æ€ã„ã¾ã™ã€
https://t.co/luRtkM3SPA

é¦™æ¸¯å›½éš›ç«¶èµ°ç‰¹é›†ï¼ˆ2022ï¼‰
https:/â€¦"
16,INFLUENCERjr,RT @Tiganalukinja: Nani aingie nani atoke kikosi bora cha hatua ya robo fainali ya World Cup Qatar 2022 https://t.co/FqdGU0S5SQ
17,SyedAounMehdi1,"Captain Babar Azam in 2022
9 out of 10 L for KK
Lost 1-0 vs Aus at home
1-1 draw vs SL
Lost the   Asia cup final 
Lost the world cup final
Lost 2-0 to England at home"
18,lupolynesia,"Bon ben Ã§a câ€™est fait ğŸ¤¦ğŸ»â€â™€ï¸

https://t.co/tuCINZa1Qq"
19,SuperpowerFb,"The World Cup has reached to the Semi Final stage in the KO rounds and these are the 4 teams ğŸ‘€ ğŸ”¥ 

Which teams are going to make it to the final ğŸ¤” ?

#Football #Fifa #WorldCup #qatar #2022 #Argentina #Croatia #France #Morocco #Europe #Africa #SouthAmerica #Futebol #SemiFinal https://t.co/JdEJUdHJ3C"
20,tin_tuc_hom_nay,"NgoÃ i Ronaldo vÃ  Messi, World Cup 2022 cÃ²n cÃ³ nhá»¯ng con sá»‘ â€˜biáº¿tÂ nÃ³iâ€™ https://t.co/klzXyBUFvy"
21,EAY_Sports,"""Ù…ÙŠØ³ÙŠ Ø§Ù„Ù…Ø³ØªÙØ²"" Ù†Ù‚Ø·Ø© ØªØ­ÙˆÙ„ Ø¬Ø¯ÙŠØ¯Ø©.. Ø§Ù„Ø£Ø±Ø¬Ù†ØªÙŠÙ† ØªØºØ§Ø²Ù„ Ù„Ù‚Ø¨ Ø§Ù„Ù…ÙˆÙ†Ø¯ÙŠØ§Ù„ https://t.co/oKHiuhA8az #Ø§Ù„Ø¥Ù…Ø§Ø±Ø§Øª_Ø§Ù„ÙŠÙˆÙ…_Ø§Ù„Ø±ÙŠØ§Ø¶Ø© | #Ø§Ù„Ø¥Ù…Ø§Ø±Ø§Øª_Ø§Ù„ÙŠÙˆÙ…"
22,bellacaledonia,"This is very good by @jonathanliew on England's World Cup, though the reason they don't want it as much is missing: https://t.co/wjf5jOwhoi"
23,arnoldlafs,RT @David_Ornstein: ğŸš¨ Arsenal priority for January window is Mykhaylo Mudryk. No agreements but conversations happening &amp; 21yo Shakhtar Donâ€¦
24,FerryCiaran,"@clar3whit93 @BR090802 @kev8611 @Baldy_JL point is our media is drowned in this coverage about England every tournament that itâ€™s coming home , euro 2020 they had 99% games at Wembley against lacklustre teams and put out by Italy , World Cup 2018,2022 another easy run but put out against a decent side when they face them"
25,georgebest_,"Y aquÃ­ nos quejamos de Rivero y Casillas
https://t.co/DrYQlfZOSc"
26,XTexchange,"RT @XT_Futures: Who will enter the final ?ğŸ‘€

ğŸ¥³ https://t.co/FCSXfoCY5C has launched the World Cup Semi-Finals Prediction Markets linear conâ€¦"
27,switchtvkenya,"""Winning a World Cup for Portugal was the biggest and most ambitious dream of my career. Fortunately, I won many titles but putting our country's name on the highest foot in the World was my biggest dream,"" Cristiano Ronaldo.
#Ronaldo #FIFAWorldCup #CR7

https://t.co/ESiJIcG6T4 https://t.co/6Stf1IOKCf"
28,_op_player,"RT @FoodSupernova: #SupernovaSuperBallContest
Predict the Winner of FIFA WORLD CUP QATAR 2022 &amp; GET A 32â€™â€™ Smart TV https://t.co/szka8e1eDg"
29,MabuchiSelemani,RT @David_Ornstein: ğŸš¨ Arsenal priority for January window is Mykhaylo Mudryk. No agreements but conversations happening &amp; 21yo Shakhtar Donâ€¦
30,dancush89,RT @David_Ornstein: ğŸš¨ Arsenal priority for January window is Mykhaylo Mudryk. No agreements but conversations happening &amp; 21yo Shakhtar Donâ€¦
31,SangLuvMessiFCB,RT @OptaJose: 23 - Gavi has been involved in more fouls than any other player at the 2022 World Cup with 23 (9 conceded and 14 won). Excludâ€¦
32,gustave_benson,"RT @Duty_Web3: Dear DUTY lovers:
 We decided to stagger the time period of the World Cup. The time for DUTY TOKEN to go online on the decenâ€¦"
33,CarolBecky6,"RT @Duty_Web3: Dear DUTY lovers:
 We decided to stagger the time period of the World Cup. The time for DUTY TOKEN to go online on the decenâ€¦"
34,ChristA06537158,"RT @Duty_Web3: Dear DUTY lovers:
 We decided to stagger the time period of the World Cup. The time for DUTY TOKEN to go online on the decenâ€¦"
35,Bluebirdeyess,RT @David_Ornstein: ğŸš¨ Arsenal priority for January window is Mykhaylo Mudryk. No agreements but conversations happening &amp; 21yo Shakhtar Donâ€¦
36,Thenationth,"England have returned home trophyless from the 2022 World Cup in Qatar after a 2-1 defeat to France but the team did manage to bag a consolation prize.

Read more:
https://t.co/L5QCF7I4PP

#cat #england #FIFAWorldCup #WorldCup2022 #ThailandNews"
37,simmerladybugs,"RT @SerieTV46: ""Dreamers (FiFA World Cup 2022 Official Soundtrack)"" by #JUNGKOOK of @BTS_twt it's the most streamed song by a Kpop Act of 1â€¦"
38,BuckMor98964611,"RT @Duty_Web3: Dear DUTY lovers:
 We decided to stagger the time period of the World Cup. The time for DUTY TOKEN to go online on the decenâ€¦"
39,hasnaatikah_,RT @QudsNen: German daily newspaper Die Tageszeitung has accused Moroccoâ€™s national football team of â€œanti-Semitismâ€ for raising the Palestâ€¦
40,fk1hisa,"RT @tak53381102: å…ƒç¥–ã‚³ãƒ­ãƒŠã‚¦ã‚¤ãƒ«ã‚¹ã®MERSã‹ã€‚ç¢ºã‹ã«ã‚µãƒƒã‚«ãƒ¼è¦³æˆ¦å¾Œã«è¦³å…‰ã«è¡Œãäººã¯æ³¨æ„ã ãª
https://t.co/TpVDNyYDij

â€ãƒ¯ãƒ¼ãƒ«ãƒ‰ã‚«ãƒƒãƒ—ã‹ã‚‰å¸°å›½ã—ãŸã‚¤ãƒ³ã‚°ãƒ©ãƒ³ãƒ‰ãƒ»ãƒ•ã‚¡ãƒ³ã¯ã€è‡´å‘½çš„ãªãƒ©ã‚¯ãƒ€é¢¨é‚ªã‚’å®¶ã«æŒã¡å¸°ã‚‹å±é™ºæ€§ã«ã¤ã„ã¦è­¦å‘Šã•ã‚Œã¦ã„ã‚‹ã€‚â†’"
41,ouaudog,"RT @Stepnofficial: âš¡ï¸ Javier Mascherano NFT Drop

This #NFT collection is a unique set of #STEPN sneakers available through @SaaSGoOfficialâ€¦"
42,DickMackintosh5,"RT @Duty_Web3: Dear DUTY lovers:
 We decided to stagger the time period of the World Cup. The time for DUTY TOKEN to go online on the decenâ€¦"
43,jeremy918418,"RT @Duty_Web3: Dear DUTY lovers:
 We decided to stagger the time period of the World Cup. The time for DUTY TOKEN to go online on the decenâ€¦"
44,EnochSpender3,"RT @Duty_Web3: Dear DUTY lovers:
 We decided to stagger the time period of the World Cup. The time for DUTY TOKEN to go online on the decenâ€¦"
45,sally253806,"RT @Duty_Web3: Dear DUTY lovers:
 We decided to stagger the time period of the World Cup. The time for DUTY TOKEN to go online on the decenâ€¦"
46,JoyBuckle4,"RT @Duty_Web3: Dear DUTY lovers:
 We decided to stagger the time period of the World Cup. The time for DUTY TOKEN to go online on the decenâ€¦"
47,CarterLloyd17,"RT @Duty_Web3: Dear DUTY lovers:
 We decided to stagger the time period of the World Cup. The time for DUTY TOKEN to go online on the decenâ€¦"
48,AndrewM88159455,"RT @Duty_Web3: Dear DUTY lovers:
 We decided to stagger the time period of the World Cup. The time for DUTY TOKEN to go online on the decenâ€¦"
49,bernie475065,"RT @Duty_Web3: Dear DUTY lovers:
 We decided to stagger the time period of the World Cup. The time for DUTY TOKEN to go online on the decenâ€¦"
50,JoshuaRaleign,"RT @Duty_Web3: Dear DUTY lovers:
 We decided to stagger the time period of the World Cup. The time for DUTY TOKEN to go online on the decenâ€¦"
51,DYucheon,"RT @Duty_Web3: Dear DUTY lovers:
 We decided to stagger the time period of the World Cup. The time for DUTY TOKEN to go online on the decenâ€¦"
52,BarlowRob7,"RT @Duty_Web3: Dear DUTY lovers:
 We decided to stagger the time period of the World Cup. The time for DUTY TOKEN to go online on the decenâ€¦"
53,gissing_corey,"RT @Duty_Web3: Dear DUTY lovers:
 We decided to stagger the time period of the World Cup. The time for DUTY TOKEN to go online on the decenâ€¦"
54,maina_shehu,"RT @TheNationNews: President Muhammadu Buhari has congratulated the Moroccan national football team, the Atlas Loins, on its advancement toâ€¦"
55,hazel_veblen,"RT @Duty_Web3: Dear DUTY lovers:
 We decided to stagger the time period of the World Cup. The time for DUTY TOKEN to go online on the decenâ€¦"
56,JamesDo26428627,"RT @Duty_Web3: Dear DUTY lovers:
 We decided to stagger the time period of the World Cup. The time for DUTY TOKEN to go online on the decenâ€¦"
57,SusieMaria7,"RT @Duty_Web3: Dear DUTY lovers:
 We decided to stagger the time period of the World Cup. The time for DUTY TOKEN to go online on the decenâ€¦"
58,henjoujiyouko,"RT @Duty_Web3: Dear DUTY lovers:
 We decided to stagger the time period of the World Cup. The time for DUTY TOKEN to go online on the decenâ€¦"
59,LeopoldDeQuinc3,"RT @Duty_Web3: Dear DUTY lovers:
 We decided to stagger the time period of the World Cup. The time for DUTY TOKEN to go online on the decenâ€¦"
60,BardHugh7,"RT @Duty_Web3: Dear DUTY lovers:
 We decided to stagger the time period of the World Cup. The time for DUTY TOKEN to go online on the decenâ€¦"
61,leila9878,"RT @Duty_Web3: Dear DUTY lovers:
 We decided to stagger the time period of the World Cup. The time for DUTY TOKEN to go online on the decenâ€¦"
62,neil428970,"RT @Duty_Web3: Dear DUTY lovers:
 We decided to stagger the time period of the World Cup. The time for DUTY TOKEN to go online on the decenâ€¦"
63,lou270259,"RT @Duty_Web3: Dear DUTY lovers:
 We decided to stagger the time period of the World Cup. The time for DUTY TOKEN to go online on the decenâ€¦"
64,hujuhyeon1,"RT @Duty_Web3: Dear DUTY lovers:
 We decided to stagger the time period of the World Cup. The time for DUTY TOKEN to go online on the decenâ€¦"
65,duyowon,"RT @Duty_Web3: Dear DUTY lovers:
 We decided to stagger the time period of the World Cup. The time for DUTY TOKEN to go online on the decenâ€¦"
66,bowen10616,"RT @Duty_Web3: Dear DUTY lovers:
 We decided to stagger the time period of the World Cup. The time for DUTY TOKEN to go online on the decenâ€¦"
67,TedEugene2,"RT @Duty_Web3: Dear DUTY lovers:
 We decided to stagger the time period of the World Cup. The time for DUTY TOKEN to go online on the decenâ€¦"
68,FingerChanning,"RT @Duty_Web3: Dear DUTY lovers:
 We decided to stagger the time period of the World Cup. The time for DUTY TOKEN to go online on the decenâ€¦"
69,DouglasDoherty5,"RT @Duty_Web3: Dear DUTY lovers:
 We decided to stagger the time period of the World Cup. The time for DUTY TOKEN to go online on the decenâ€¦"
70,DullesYale,"RT @Duty_Web3: Dear DUTY lovers:
 We decided to stagger the time period of the World Cup. The time for DUTY TOKEN to go online on the decenâ€¦"
71,AsaFitzGerald3,"RT @Duty_Web3: Dear DUTY lovers:
 We decided to stagger the time period of the World Cup. The time for DUTY TOKEN to go online on the decenâ€¦"
72,BoothReed1,"RT @Duty_Web3: Dear DUTY lovers:
 We decided to stagger the time period of the World Cup. The time for DUTY TOKEN to go online on the decenâ€¦"
73,DianaClemens2,"RT @Duty_Web3: Dear DUTY lovers:
 We decided to stagger the time period of the World Cup. The time for DUTY TOKEN to go online on the decenâ€¦"
74,BelleStrachey,"RT @Duty_Web3: Dear DUTY lovers:
 We decided to stagger the time period of the World Cup. The time for DUTY TOKEN to go online on the decenâ€¦"
75,steward_dunlop,"RT @Duty_Web3: Dear DUTY lovers:
 We decided to stagger the time period of the World Cup. The time for DUTY TOKEN to go online on the decenâ€¦"
76,CommonsCynthia,"RT @Duty_Web3: Dear DUTY lovers:
 We decided to stagger the time period of the World Cup. The time for DUTY TOKEN to go online on the decenâ€¦"
77,JeffZim42470570,"RT @Duty_Web3: Dear DUTY lovers:
 We decided to stagger the time period of the World Cup. The time for DUTY TOKEN to go online on the decenâ€¦"
78,ColbertFlynn,"RT @Duty_Web3: Dear DUTY lovers:
 We decided to stagger the time period of the World Cup. The time for DUTY TOKEN to go online on the decenâ€¦"
79,carter_ansel,"RT @Duty_Web3: Dear DUTY lovers:
 We decided to stagger the time period of the World Cup. The time for DUTY TOKEN to go online on the decenâ€¦"
80,MignonSimon14,"RT @Duty_Web3: Dear DUTY lovers:
 We decided to stagger the time period of the World Cup. The time for DUTY TOKEN to go online on the decenâ€¦"
81,EvelynP91881892,"RT @Duty_Web3: Dear DUTY lovers:
 We decided to stagger the time period of the World Cup. The time for DUTY TOKEN to go online on the decenâ€¦"
82,AldrichStephens,"RT @Duty_Web3: Dear DUTY lovers:
 We decided to stagger the time period of the World Cup. The time for DUTY TOKEN to go online on the decenâ€¦"
83,SaraNew33630005,"RT @Duty_Web3: Dear DUTY lovers:
 We decided to stagger the time period of the World Cup. The time for DUTY TOKEN to go online on the decenâ€¦"
84,taohuajiaojiao1,"RT @Duty_Web3: Dear DUTY lovers:
 We decided to stagger the time period of the World Cup. The time for DUTY TOKEN to go online on the decenâ€¦"
85,Sebasti60446632,"RT @Duty_Web3: Dear DUTY lovers:
 We decided to stagger the time period of the World Cup. The time for DUTY TOKEN to go online on the decenâ€¦"
86,ChildeMarcus,"RT @Duty_Web3: Dear DUTY lovers:
 We decided to stagger the time period of the World Cup. The time for DUTY TOKEN to go online on the decenâ€¦"
87,LeoMay93487104,"RT @Duty_Web3: Dear DUTY lovers:
 We decided to stagger the time period of the World Cup. The time for DUTY TOKEN to go online on the decenâ€¦"
88,CarolCh46061137,"RT @Duty_Web3: Dear DUTY lovers:
 We decided to stagger the time period of the World Cup. The time for DUTY TOKEN to go online on the decenâ€¦"
89,AgnesMa07903037,"RT @Duty_Web3: Dear DUTY lovers:
 We decided to stagger the time period of the World Cup. The time for DUTY TOKEN to go online on the decenâ€¦"
90,JonasAlfred4,"RT @Duty_Web3: Dear DUTY lovers:
 We decided to stagger the time period of the World Cup. The time for DUTY TOKEN to go online on the decenâ€¦"
91,LetitiaZangwill,"RT @Duty_Web3: Dear DUTY lovers:
 We decided to stagger the time period of the World Cup. The time for DUTY TOKEN to go online on the decenâ€¦"
92,LutherMadge,"RT @Duty_Web3: Dear DUTY lovers:
 We decided to stagger the time period of the World Cup. The time for DUTY TOKEN to go online on the decenâ€¦"
93,LydiaCo46664075,"RT @Duty_Web3: Dear DUTY lovers:
 We decided to stagger the time period of the World Cup. The time for DUTY TOKEN to go online on the decenâ€¦"
94,CorneliusHosea5,"RT @Duty_Web3: Dear DUTY lovers:
 We decided to stagger the time period of the World Cup. The time for DUTY TOKEN to go online on the decenâ€¦"
95,GeraldDewar,"RT @Duty_Web3: Dear DUTY lovers:
 We decided to stagger the time period of the World Cup. The time for DUTY TOKEN to go online on the decenâ€¦"
96,EliLee48279763,"RT @Duty_Web3: Dear DUTY lovers:
 We decided to stagger the time period of the World Cup. The time for DUTY TOKEN to go online on the decenâ€¦"
97,JosephineCamp6,"RT @Duty_Web3: Dear DUTY lovers:
 We decided to stagger the time period of the World Cup. The time for DUTY TOKEN to go online on the decenâ€¦"
98,TheresaHearst,"RT @Duty_Web3: Dear DUTY lovers:
 We decided to stagger the time period of the World Cup. The time for DUTY TOKEN to go online on the decenâ€¦"
99,reg_aldridge,"RT @Duty_Web3: Dear DUTY lovers:
 We decided to stagger the time period of the World Cup. The time for DUTY TOKEN to go online on the decenâ€¦"
100,reizeiinmiho,"RT @Duty_Web3: Dear DUTY lovers:
 We decided to stagger the time period of the World Cup. The time for DUTY TOKEN to go online on the decenâ€¦"
101,MelissaWollast2,"RT @Duty_Web3: Dear DUTY lovers:
 We decided to stagger the time period of the World Cup. The time for DUTY TOKEN to go online on the decenâ€¦"
102,TedWheatley7,"RT @Duty_Web3: Dear DUTY lovers:
 We decided to stagger the time period of the World Cup. The time for DUTY TOKEN to go online on the decenâ€¦"
103,VicMilne,"RT @Duty_Web3: Dear DUTY lovers:
 We decided to stagger the time period of the World Cup. The time for DUTY TOKEN to go online on the decenâ€¦"
104,luther_edmund,"RT @Duty_Web3: Dear DUTY lovers:
 We decided to stagger the time period of the World Cup. The time for DUTY TOKEN to go online on the decenâ€¦"
105,vogt_olga,"RT @Duty_Web3: Dear DUTY lovers:
 We decided to stagger the time period of the World Cup. The time for DUTY TOKEN to go online on the decenâ€¦"
106,BerthaGregary,"RT @Duty_Web3: Dear DUTY lovers:
 We decided to stagger the time period of the World Cup. The time for DUTY TOKEN to go online on the decenâ€¦"
107,GugchangUg,"RT @Duty_Web3: Dear DUTY lovers:
 We decided to stagger the time period of the World Cup. The time for DUTY TOKEN to go online on the decenâ€¦"
108,RaleignAugust,"RT @Duty_Web3: Dear DUTY lovers:
 We decided to stagger the time period of the World Cup. The time for DUTY TOKEN to go online on the decenâ€¦"
109,DennisS22554467,"RT @Duty_Web3: Dear DUTY lovers:
 We decided to stagger the time period of the World Cup. The time for DUTY TOKEN to go online on the decenâ€¦"
110,DanaBert1,"RT @Duty_Web3: Dear DUTY lovers:
 We decided to stagger the time period of the World Cup. The time for DUTY TOKEN to go online on the decenâ€¦"
111,HewlettGriselda,"RT @Duty_Web3: Dear DUTY lovers:
 We decided to stagger the time period of the World Cup. The time for DUTY TOKEN to go online on the decenâ€¦"
112,ReganArnold20,"RT @Duty_Web3: Dear DUTY lovers:
 We decided to stagger the time period of the World Cup. The time for DUTY TOKEN to go online on the decenâ€¦"
113,BerylWa70535025,"RT @Duty_Web3: Dear DUTY lovers:
 We decided to stagger the time period of the World Cup. The time for DUTY TOKEN to go online on the decenâ€¦"
114,QuincyGaskell1,"RT @Duty_Web3: Dear DUTY lovers:
 We decided to stagger the time period of the World Cup. The time for DUTY TOKEN to go online on the decenâ€¦"
115,IreneTa52796431,"RT @Duty_Web3: Dear DUTY lovers:
 We decided to stagger the time period of the World Cup. The time for DUTY TOKEN to go online on the decenâ€¦"
116,JuliaZi78236702,"RT @Duty_Web3: Dear DUTY lovers:
 We decided to stagger the time period of the World Cup. The time for DUTY TOKEN to go online on the decenâ€¦"
117,APungseon,"RT @Duty_Web3: Dear DUTY lovers:
 We decided to stagger the time period of the World Cup. The time for DUTY TOKEN to go online on the decenâ€¦"
118,Jennife22628109,"RT @Duty_Web3: Dear DUTY lovers:
 We decided to stagger the time period of the World Cup. The time for DUTY TOKEN to go online on the decenâ€¦"
119,LambertFreder19,"RT @Duty_Web3: Dear DUTY lovers:
 We decided to stagger the time period of the World Cup. The time for DUTY TOKEN to go online on the decenâ€¦"
120,AlfredHugh3,"RT @Duty_Web3: Dear DUTY lovers:
 We decided to stagger the time period of the World Cup. The time for DUTY TOKEN to go online on the decenâ€¦"
121,CrystalJosh3,"RT @Duty_Web3: Dear DUTY lovers:
 We decided to stagger the time period of the World Cup. The time for DUTY TOKEN to go online on the decenâ€¦"
122,landon_una,"RT @Duty_Web3: Dear DUTY lovers:
 We decided to stagger the time period of the World Cup. The time for DUTY TOKEN to go online on the decenâ€¦"
123,PennyKitty3,"RT @Duty_Web3: Dear DUTY lovers:
 We decided to stagger the time period of the World Cup. The time for DUTY TOKEN to go online on the decenâ€¦"
124,MerleSm62430813,"RT @Duty_Web3: Dear DUTY lovers:
 We decided to stagger the time period of the World Cup. The time for DUTY TOKEN to go online on the decenâ€¦"
125,DennisW02110002,"RT @Duty_Web3: Dear DUTY lovers:
 We decided to stagger the time period of the World Cup. The time for DUTY TOKEN to go online on the decenâ€¦"
126,SelenaLouis15,"RT @Duty_Web3: Dear DUTY lovers:
 We decided to stagger the time period of the World Cup. The time for DUTY TOKEN to go online on the decenâ€¦"
127,BeauBenjamin13,"RT @Duty_Web3: Dear DUTY lovers:
 We decided to stagger the time period of the World Cup. The time for DUTY TOKEN to go online on the decenâ€¦"
128,WatKennedy,"RT @Duty_Web3: Dear DUTY lovers:
 We decided to stagger the time period of the World Cup. The time for DUTY TOKEN to go online on the decenâ€¦"
129,alick_lydia,"RT @Duty_Web3: Dear DUTY lovers:
 We decided to stagger the time period of the World Cup. The time for DUTY TOKEN to go online on the decenâ€¦"
130,jonson_irene,"RT @Duty_Web3: Dear DUTY lovers:
 We decided to stagger the time period of the World Cup. The time for DUTY TOKEN to go online on the decenâ€¦"
131,EmmanuelMansfi2,"RT @Duty_Web3: Dear DUTY lovers:
 We decided to stagger the time period of the World Cup. The time for DUTY TOKEN to go online on the decenâ€¦"
132,GriffithHousman,"RT @Duty_Web3: Dear DUTY lovers:
 We decided to stagger the time period of the World Cup. The time for DUTY TOKEN to go online on the decenâ€¦"
133,jennings_lennon,"RT @Duty_Web3: Dear DUTY lovers:
 We decided to stagger the time period of the World Cup. The time for DUTY TOKEN to go online on the decenâ€¦"
134,nicola_saxton,"RT @Duty_Web3: Dear DUTY lovers:
 We decided to stagger the time period of the World Cup. The time for DUTY TOKEN to go online on the decenâ€¦"
135,MonroeGabriel5,"RT @Duty_Web3: Dear DUTY lovers:
 We decided to stagger the time period of the World Cup. The time for DUTY TOKEN to go online on the decenâ€¦"
136,kumodehironori,"RT @Duty_Web3: Dear DUTY lovers:
 We decided to stagger the time period of the World Cup. The time for DUTY TOKEN to go online on the decenâ€¦"
137,AthenaAdam4,"RT @Duty_Web3: Dear DUTY lovers:
 We decided to stagger the time period of the World Cup. The time for DUTY TOKEN to go online on the decenâ€¦"
138,HoraceLeila,"RT @Duty_Web3: Dear DUTY lovers:
 We decided to stagger the time period of the World Cup. The time for DUTY TOKEN to go online on the decenâ€¦"
139,LeifDewey,"RT @Duty_Web3: Dear DUTY lovers:
 We decided to stagger the time period of the World Cup. The time for DUTY TOKEN to go online on the decenâ€¦"
140,sagongsugyeong,"RT @Duty_Web3: Dear DUTY lovers:
 We decided to stagger the time period of the World Cup. The time for DUTY TOKEN to go online on the decenâ€¦"
141,JudithDorothy10,"RT @Duty_Web3: Dear DUTY lovers:
 We decided to stagger the time period of the World Cup. The time for DUTY TOKEN to go online on the decenâ€¦"
142,aubrey_horatio,"RT @Duty_Web3: Dear DUTY lovers:
 We decided to stagger the time period of the World Cup. The time for DUTY TOKEN to go online on the decenâ€¦"
143,PeterSt46323300,"RT @Duty_Web3: Dear DUTY lovers:
 We decided to stagger the time period of the World Cup. The time for DUTY TOKEN to go online on the decenâ€¦"
144,ThoreauOwen,"RT @Duty_Web3: Dear DUTY lovers:
 We decided to stagger the time period of the World Cup. The time for DUTY TOKEN to go online on the decenâ€¦"
145,OwenBarrie4,"RT @Duty_Web3: Dear DUTY lovers:
 We decided to stagger the time period of the World Cup. The time for DUTY TOKEN to go online on the decenâ€¦"
146,CaraGra61076425,"RT @Duty_Web3: Dear DUTY lovers:
 We decided to stagger the time period of the World Cup. The time for DUTY TOKEN to go online on the decenâ€¦"
147,BartonBaldwin6,"RT @Duty_Web3: Dear DUTY lovers:
 We decided to stagger the time period of the World Cup. The time for DUTY TOKEN to go online on the decenâ€¦"
148,hajaemo,"RT @Duty_Web3: Dear DUTY lovers:
 We decided to stagger the time period of the World Cup. The time for DUTY TOKEN to go online on the decenâ€¦"
149,MondNorton,"RT @Duty_Web3: Dear DUTY lovers:
 We decided to stagger the time period of the World Cup. The time for DUTY TOKEN to go online on the decenâ€¦"
150,ColbyPa82047055,"RT @Duty_Web3: Dear DUTY lovers:
 We decided to stagger the time period of the World Cup. The time for DUTY TOKEN to go online on the decenâ€¦"
151,shizeminda1,"RT @Duty_Web3: Dear DUTY lovers:
 We decided to stagger the time period of the World Cup. The time for DUTY TOKEN to go online on the decenâ€¦"
152,KarenBu09478239,"RT @Duty_Web3: Dear DUTY lovers:
 We decided to stagger the time period of the World Cup. The time for DUTY TOKEN to go online on the decenâ€¦"
153,peter_bertie,"RT @Duty_Web3: Dear DUTY lovers:
 We decided to stagger the time period of the World Cup. The time for DUTY TOKEN to go online on the decenâ€¦"
154,kherolnuar,"RT @GOALasia: Al Hilm - The Dream ğŸ˜

Describe the winning 2022 World Cup final goal ğŸ‘‡ https://t.co/wUL5eq3wTz"
155,Varun9Vijay,RT @GuardianUS: Blue day for Brazilâ€™s yellow-shirted fans after shock World Cup exit https://t.co/gfjSzUHN01
156,MightyTips,"France vs Morocco Prediction 14.12.2022
World Cup

Didier Deschamps will surely name an unchanged eleven from the England game, as the player-legend did not re...

https://t.co/cHeNTrbWBs https://t.co/oeQq54kHvb"
157,RoxanneMonteci1,"RT @JK_Shazam: Jungkookâ€™s Shazam profile has been updated with info about â€œDreamersâ€ and his performance.

â€œLater in 2022, he unveiled ""Dreâ€¦"
158,bdk1521,RT @MattMurph24: FIFA World Cup 2022: Shocking death of second journalist in 48 hours https://t.co/2ei1m6yQp1
159,Varun9Vijay,RT @GuardianUS: Gary Gold steps down as US Eagles coach after Rugby World Cup failure https://t.co/2EjMm7AnUa
160,ibrahimalbasri,RT @David_Ornstein: ğŸš¨ Arsenal priority for January window is Mykhaylo Mudryk. No agreements but conversations happening &amp; 21yo Shakhtar Donâ€¦
161,Chinonsodonatu3,"RT @Bet9jaOfficial: Bet with Bet9ja at the World Cup to win amazing prizes! ğŸ†

Prizes include a Samsung UHD 4K TV, Apple iPhone 14 &amp; a Geelâ€¦"
162,KofiJesus45,"RT @AbsoluteChelsea: Endrick, who is closing in on a move to Real Madrid, and his family were impressed by #Chelsea but found them to be moâ€¦"
163,ZaaboCole,"""Pouring Through a Crisis: How Budweiser Salvaged Its World Cup"" by Sarah Lyall via NYT https://t.co/qzbknSZCCD"
164,Tosquo,"RT @TheNationNews: President Muhammadu Buhari has congratulated the Moroccan national football team, the Atlas Loins, on its advancement toâ€¦"
165,EkeneAnadi,"RT @TheNationNews: President Muhammadu Buhari has congratulated the Moroccan national football team, the Atlas Loins, on its advancement toâ€¦"
166,yamasvegalta,"RT @soccanime: FIFA WORLD CUP QATAR 2022
ãƒ©ã‚¦ãƒ³ãƒ‰16
æ—¥æœ¬ 1-1 ã‚¯ãƒ­ã‚¢ãƒã‚¢
PK 1-3

å‰ç”°âš½ https://t.co/qyes5EtYdG"
167,brianmakumby,https://t.co/PwrabtOrsL
168,BestMediaInfo,.@_PVRCinemas collaborates with @Visa for @FIFAWorldCup Qatar 2022 viewing parties for football fans in India: Best Media Info https://t.co/u735X9qQEJ
169,Varun9Vijay,RT @GuardianUS: US soccer journalist Grant Wahl dies while covering Qatar World Cup https://t.co/vRRr1nUx4k
170,Akiqeer,"In a situation where the facts are all against Babar &amp; Co. But the heart wants to support them in every situation, We will Bounce back very soon, I.A, 2022 wasn't our year, we lost Final of Asia Cup, T20 World Cup Final,...
1/2
#PakvsEng2022 #PAKvENG  #PAKvsENG #BabarAzamğ“ƒµ https://t.co/xjqYl6gsKZ"
171,mednin,RT @EnemyInAState: 'Camel flu' means MERS which is a highly fatal coronavirus that kills 1 in 3 who get it: it's a more severe version of Câ€¦
172,forkingkoo,"RT @ChartsJJK: 2022 World Cup songs streams â€” Spotify + YouTube: 

#1 Dreamers â€” 70.9M + 196M = 266.9M (20 days) ğŸ‘‘
#2 Hayya â€” 13.6M + 84.3Mâ€¦"
173,Davina_rh,"RT @the_real_comfyy: Choose your betting options for World Cup 2022, place stakes on top matches and get excited about World Cup 2022 withâ€¦"
174,PainInThArsenal,RT @David_Ornstein: ğŸš¨ Arsenal priority for January window is Mykhaylo Mudryk. No agreements but conversations happening &amp; 21yo Shakhtar Donâ€¦
175,jimi151272,RT @republic: #FIFAWorldCup | Spanish referee who issued record 15 yellow cards in Argentina vs Netherlands match sent back home: Report htâ€¦
176,LanreAduke,"RT @leotventertain: Today's meme thread ğŸ˜‚ğŸ˜‚ğŸ˜‚ From Qatar 2022 FIFA World cup to Wizkid (Sir Wizkid, Big WIZ, Popsy)-Ghana show to Dark humorsâ€¦"
177,NanaKwa_,"RT @SeatlabNFT: One Retweet = One Tree Planted ğŸŒ±

Reports suggest the 2022 World Cup could generate up to 10 million tonnes of CO2e... thatâ€¦"
178,mohsach,Kayaknya akan jauh lebih menarik kalo final world cup 2022 adalah Kroasia vs Maroko. Sama-sama belum pernah juara dunia. Supaya ada juara dunia baru selain yang itu-itu lagi...
179,afcnick___,RT @David_Ornstein: ğŸš¨ Arsenal priority for January window is Mykhaylo Mudryk. No agreements but conversations happening &amp; 21yo Shakhtar Donâ€¦
180,melvin_cfc,"RT @AbsoluteChelsea: Endrick, who is closing in on a move to Real Madrid, and his family were impressed by #Chelsea but found them to be moâ€¦"
181,ifunanya_glocy,RT @investogist: Qatar World Cup 2022: France sends England home with a 2-1 win. https://t.co/95y3Jpojik
182,kayodednl,RT @DailyPostNGR: Qatar 2022: David Beckham reacts to Englandâ€™s elimination from World Cup https://t.co/b6YDZ03g8A
183,elmehdivagabond,RT @trtworld: Captivating infinite zoom artwork created by Palestinian artist and medical student Azzedine Lulu takes viewers through momenâ€¦
184,dipaksiyani,https://t.co/hLsyY2eMGx
185,RaiMz28,"RT @FracturedApes: ğŸ¥­ğŸ¦ Trait store is updated and loaded with some new ğŸ”¥ traitsâ€¼ï¸

Youâ€™ve already ğŸ‘€ seen the 2022 World Cup âš½ï¸ traits, but hâ€¦"
186,Grandedmaster,"RT @AbsoluteChelsea: Endrick, who is closing in on a move to Real Madrid, and his family were impressed by #Chelsea but found them to be moâ€¦"
187,kayodednl,RT @DailyPostNGR: Qatar 2022: England take decision on sacking Southgate after World Cup exit https://t.co/5RAEcO1pQJ
188,Kvybee_,RT @David_Ornstein: ğŸš¨ Arsenal priority for January window is Mykhaylo Mudryk. No agreements but conversations happening &amp; 21yo Shakhtar Donâ€¦
189,noname_8,"RT @hareonnaa_: à¹€à¸­à¸²à¸–à¹‰à¸§à¸¢à¸à¸¥à¸±à¸šà¸šà¹‰à¸²à¸™ âŒâŒâŒ
à¹€à¸­à¸²à¹à¸¡à¸§à¸à¸¥à¸±à¸šà¸šà¹‰à¸²à¸™ âœ…âœ…âœ…âœ…âœ… https://t.co/Rp48fa5doX"
190,JodacynBrad,"RT @BlancoYMessiii: 1986 World Cup Quarter-Finals

2022 World Cup Quarter-Finals

Hand of the god. https://t.co/rzlqbDCMOp"
191,republic,#FIFAWorldCup | Spanish referee who issued record 15 yellow cards in Argentina vs Netherlands match sent back home: Report https://t.co/jFBeIOvZkR
192,Akwesi_Holic,"RT @AbsoluteChelsea: Endrick, who is closing in on a move to Real Madrid, and his family were impressed by #Chelsea but found them to be moâ€¦"
193,Phillipong3,"RT @leotventertain: Today's meme thread ğŸ˜‚ğŸ˜‚ğŸ˜‚ From Qatar 2022 FIFA World cup to Wizkid (Sir Wizkid, Big WIZ, Popsy)-Ghana show to Dark humorsâ€¦"
194,RyouAFC,RT @David_Ornstein: ğŸš¨ Arsenal priority for January window is Mykhaylo Mudryk. No agreements but conversations happening &amp; 21yo Shakhtar Donâ€¦
195,Benja_star,RT @David_Ornstein: ğŸš¨ Arsenal priority for January window is Mykhaylo Mudryk. No agreements but conversations happening &amp; 21yo Shakhtar Donâ€¦
196,PyrrhicMux,RT @David_Ornstein: ğŸš¨ Arsenal priority for January window is Mykhaylo Mudryk. No agreements but conversations happening &amp; 21yo Shakhtar Donâ€¦
197,madhyamam,à´–à´¤àµà´¤àµ¼ à´²àµ‹à´•à´•à´ªàµà´ªàµ 'à´•à´Ÿàµà´Ÿàµ†à´Ÿàµà´¤àµà´¤' à´®à´—àµà´°à´¿à´¬à´¿à´²àµ† à´‰à´®àµà´®à´®à´¾àµ¼; à´…à´µàµ¼ à´µàµ€à´Ÿàµà´Ÿàµà´µàµ‡à´²à´¯àµ†à´Ÿàµà´¤àµà´¤àµ à´•à´³à´¿à´ªà´ à´¿à´ªàµà´ªà´¿à´šàµà´š à´®à´•àµà´•àµ¾ #MothersofMoroccanplayers #qatarworldcup2022 #walidregragui #SofianeBoufal #fifa #AchrafHakimi https://t.co/Nm8yUr7ZO1
198,mooserman,"RT @David_Ornstein: âš½ï¸ Bellingham #ENG
âš½ï¸ Mudryk #Ukraine 
âš½ï¸ Amrabat, Ounahi, Amallah #MOR
âš½ï¸ Musah #USA
âš½ï¸ Felix, Ramos, Ronaldo #POR
âš½ï¸â€¦"
199,SenchaBag,"""Pouring Through a Crisis: How Budweiser Salvaged Its World Cup"" by Sarah Lyall via NYT https://t.co/vReiNAaQsB"
200,mr_factuality,"@Joshua_Ubeku He gets to World Cup final and despite winning POTT, he was bashed.
Ronaldo never won the Olympics 
Never played a World Cup final 
Never won POTT in any international competition 
Never won U-17 FIFA WC
Lost Euro 2004 final to Greece. 
Drops a stinker in 2022 WC. https://t.co/HH2MHPRO63"
201,brendy248,RT @jhendy_10: England and the 2022 FIFA World Cup ğŸ‡¶ğŸ‡¦ ğŸ† Thread:
202,allaroundngr,"President Muhammadu Buhari has congratulated the Moroccan team, the Atlas Lions, and the ruler of the country, King Mohammed VI for making history by becoming the first team from an African country to ever qualify for the World Cup semi-finals at the FIFA World Cup Qatar 2022. https://t.co/QujukkBkcH"
203,ibamilly1,"RT @AbsoluteChelsea: Endrick, who is closing in on a move to Real Madrid, and his family were impressed by #Chelsea but found them to be moâ€¦"
204,thedextazlab,England players adopt stray Qatar cat after World Cup exit https://t.co/0OwgIE5RDF
205,dcberry_,"RT @AbsoluteChelsea: Endrick, who is closing in on a move to Real Madrid, and his family were impressed by #Chelsea but found them to be moâ€¦"
206,AbdulazeezDeser,"Ù‡Ø°Ø§ Ù‚Ø¨Ù„ Ù‡Ø²ÙŠÙ…Ø© ÙØ±Ù†Ø³Ø§ Ùˆ Ø¨Ù„Ø¬ÙŠÙƒØ§ Ùˆ Ø§Ù„Ø¨Ø±Ø§Ø²ÙŠÙ„ Ùˆ Ø¥Ø³Ø¨Ø§Ù†ÙŠØ§ Ùˆ Ø§Ù„Ø¥ÙƒÙˆØ§Ø¯ÙˆØ± Ùˆ ÙƒÙ†Ø¯Ø§ Ùˆ Ø§Ù„Ø¨Ø±ØªØºØ§Ù„ Ùˆ ÙƒÙˆØ±ÙŠØ§ Ø§Ù„Ø¬Ù†ÙˆØ¨ÙŠØ© !
Ø¥ÙØ±ÙŠÙ‚ÙŠØ§ Ø³ØªØ¬Ø¹Ù„ Ù…Ù† ÙƒØ£Ø³ Ø§Ù„Ø¹Ø§Ù„Ù… Ù†Ø³Ø®Ø© Ù…ØµØºØ±Ø© Ù…Ù† Ø¨Ø·ÙˆÙ„Ø© Ø£Ù…Ù… Ø¥ÙØ±ÙŠÙ‚ÙŠØ§ ! 
https://t.co/aBztUB0Nvt"
207,Elsa90251268,"RT @SerieTV46: ""Dreamers (FiFA World Cup 2022 Official Soundtrack)"" by #JUNGKOOK of @BTS_twt it's the most streamed song by a Kpop Act of 1â€¦"
208,AidenOwa,"RT @FineMiracle4: FIFA World Cup 2022 is steadily reaching its climax, with the semi-finals about to begin.Â France, Croatia, Argentina, andâ€¦"
209,Philip_Cullum,"RT @NickBryantNY: What sort of footballing nation does England want to be? Such a terrific, rumination from â¦@jonathanliewâ© made all the beâ€¦"
210,Chidozieahaneku,"RT @toisports: 'You are for me the greatest of all time'

@imVkohli hails Cristiano Ronaldo.

READ: https://t.co/72zefAaJWQ

#CristianoRonaâ€¦"
211,gunnner_singh,RT @David_Ornstein: ğŸš¨ Arsenal priority for January window is Mykhaylo Mudryk. No agreements but conversations happening &amp; 21yo Shakhtar Donâ€¦
212,PenaltyIsMyDrug,RT @BarcaWorldwide: Haven't seen mainstream media talk about this enough so I'll bring it back up again: Ronaldo has scored ğŸ¬ ğ—šğ—¢ğ—”ğ—Ÿğ—¦ in Worlâ€¦
213,AbsoluteChelsea,"Endrick, who is closing in on a move to Real Madrid, and his family were impressed by #Chelsea but found them to be more hesitant in committing to the financial terms, even though a large element of the deal was performance-related.

[via @David_Ornstein]

https://t.co/YpAci1OelQ"
214,itzphloyd,RT @David_Ornstein: ğŸš¨ Arsenal priority for January window is Mykhaylo Mudryk. No agreements but conversations happening &amp; 21yo Shakhtar Donâ€¦
215,sir_Khaay,RT @David_Ornstein: ğŸš¨ Arsenal priority for January window is Mykhaylo Mudryk. No agreements but conversations happening &amp; 21yo Shakhtar Donâ€¦
216,arsenalmatt1,RT @David_Ornstein: ğŸš¨ Arsenal priority for January window is Mykhaylo Mudryk. No agreements but conversations happening &amp; 21yo Shakhtar Donâ€¦
217,Gooner_Dynasty,RT @David_Ornstein: ğŸš¨ Arsenal priority for January window is Mykhaylo Mudryk. No agreements but conversations happening &amp; 21yo Shakhtar Donâ€¦
218,_heisnova,RT @AbsoluteChelsea: #Chelsea are exploring the possibility of signing Youssoufa Moukoko. A move is 'certainly not done' but other Premierâ€¦
219,Thenichenews,Pele hails Ronaldo after Portugal's World Cup exit - https://t.co/tqvB4gP7d4 - https://t.co/tXC7xeDBZH https://t.co/I0NdgAV72j
220,Mthiya_Nhla,RT @Tshepo__SS: A player who was at Qatar World Cup 2022 add it.
221,MeridianSport,Neymar: â€œBado Sijajifunza Kupotezaâ€ https://t.co/GbBTfBjDR8 via @Meridianbet
222,HighburyWay,RT @David_Ornstein: ğŸš¨ Arsenal priority for January window is Mykhaylo Mudryk. No agreements but conversations happening &amp; 21yo Shakhtar Donâ€¦
223,loveforkookoo,"RT @_RapperJK: RedOne spoke about the launch of the Official FIFA World Cup 2022 soundtrack: 

â€œI am incredibly proud to have delivered Dreâ€¦"
224,TheNationNews,"President Muhammadu Buhari has congratulated the Moroccan national football team, the Atlas Loins, on its advancement to the semi finals of the ongoing FIFA World Cup Qatar 2022, saying the team is capable of winning the tournament.

https://t.co/4Selx62M9G"
225,penumutchu30,RT @penumutchu30: Rohit in 2022: Temporary captain in both tests and ODI's. Permanent captain in T20I's. India lost Asia Cup and T20 worldâ€¦
226,colincmann,RT @advancedtv: Englandâ€™s World Cup Quarter Final match on December 10th was watched by a peak audience of 23 million across ITV and ITVX aâ€¦
227,DemiLovatoTH,@null England players adopt stray Qatar cat after World Cup exit England's hopes of li  https://t.co/VE9AhePJLm
228,gdibarry,@null England players adopt stray Qatar cat after World Cup exit England's hopes of li  https://t.co/JTWke5oeT5
229,izuzuTIGER,RT @David_Ornstein: ğŸš¨ Arsenal priority for January window is Mykhaylo Mudryk. No agreements but conversations happening &amp; 21yo Shakhtar Donâ€¦
230,Arwen389,"RT @ChartsJJK: 2022 World Cup songs streams â€” Spotify + YouTube: 

#1 Dreamers â€” 70.9M + 196M = 266.9M (20 days) ğŸ‘‘
#2 Hayya â€” 13.6M + 84.3Mâ€¦"
231,emma_chimaobi,RT @RoyNemer: Officials for Argentina vs. Croatia in semi finals of World Cup. https://t.co/omq9Xo5hQh https://t.co/OIw5Znq4V9
232,AzibJaved10,@taslimanasreen Highlight fifa world cup 2022 #Qatar2022 #FIFAWorldCup #MARCRO #hijab #sports https://t.co/Aj3b6hW0xt
233,JANEKATRINA1991,RT @SoccerCryptoBSC: Soccer Crypto is a unique football game on Binance Smart BNB Chain (BSC).  Soccer Crypto - Football World Cup 2022 Freâ€¦
234,Fathul_Patoel,"RT @Tommy_desky: Bedah Tim produksi siaran langsung FIFA World Cup 2022.

Di Pildun 2022 memakai 42 Kamera &amp; sekitar 2500 crew produksi siaâ€¦"
235,amirsuti1786,RT @David_Ornstein: ğŸš¨ Arsenal priority for January window is Mykhaylo Mudryk. No agreements but conversations happening &amp; 21yo Shakhtar Donâ€¦
236,ambulsiva,https://t.co/eVt9gSXFEb
237,private_khz,RT @David_Ornstein: ğŸš¨ Arsenal priority for January window is Mykhaylo Mudryk. No agreements but conversations happening &amp; 21yo Shakhtar Donâ€¦
238,Sumanpurbey,"RT @Hisense_IND: The Hisense U7H is the official TV of FIFA World Cup 2022 for a reason - it brings the game to your home! 

Experience theâ€¦"
239,bgeezy44,RT @David_Ornstein: ğŸš¨ Arsenal priority for January window is Mykhaylo Mudryk. No agreements but conversations happening &amp; 21yo Shakhtar Donâ€¦
240,footballespana_,"Ouznahi has been outstanding so far.

https://t.co/r669I1xkUX"
241,GuardianTT,"RT @CNC3TV: It definitely has been a #WorldCup of upsets. Semi-Finals returns on Tuesday 13th December 2022.

Who do you predict will takeâ€¦"
242,angelojuice,"RT @BudweiserNG: #LeoMessi, @neymarjr &amp; @sterling7 have been working their whole lives to capture the FIFA World Cup. This is their tunnel.â€¦"
243,FineMiracle4,"FIFA World Cup 2022 is steadily reaching its climax, with the semi-finals about to begin.Â France, Croatia, Argentina, and MoroccoÂ are the four teams that will play in the semi-finals.
#WorldCup2022 https://t.co/KTpapQpSdt"
244,mermelada_girl,"RT @ChartsJJK: 2022 World Cup songs streams â€” Spotify + YouTube: 

#1 Dreamers â€” 70.9M + 196M = 266.9M (20 days) ğŸ‘‘
#2 Hayya â€” 13.6M + 84.3Mâ€¦"
245,tutor_sayed,On the way to the final. Who will be the champion in FIFA World Cup Qatar 2022? https://t.co/mzeZkNgahG
246,leotventertain,"RT @leotventertain: Today's meme thread ğŸ˜‚ğŸ˜‚ğŸ˜‚ From Qatar 2022 FIFA World cup to Wizkid (Sir Wizkid, Big WIZ, Popsy)-Ghana show to Dark humorsâ€¦"
247,NST_Online,"#NSTsports Following the recent bruising #NationsCup campaign in South Africa, midfielder Nik Aiman Nik Rozemi has been ruled out of the #Hockey #WorldCup, which starts on Jan 13 in Bhubaneswar-Roukela.

https://t.co/2ggx2gdLQE"
248,InsideSportIND,"à¤¬à¤¢à¤¼à¤¾à¤¯à¤¾ à¤°à¥‹à¤¨à¤¾à¤²à¥à¤¡à¥‹ à¤•à¤¾ à¤¹à¥Œà¤¸à¤²à¤¾, à¤ªà¥‹à¤¸à¥à¤Ÿ à¤•à¤° à¤•à¤¹ à¤¡à¤¾à¤²à¥€ à¤¦à¤¿à¤² à¤œà¥€à¤¤ à¤²à¥‡à¤¨à¥‡ à¤µà¤¾à¤²à¥€ à¤¬à¤¾à¤¤

#ViratKohli #CristianoRonaldo #FIFAWorldCup 
https://t.co/3bYf75EB0V"
249,SutsilviSangad1,"RT @gilabola_ina: Perkiraan Total fans yang akan hadir di pertandingan babak perempat final World Cup 2022 Belanda vs Argentina

ğŸ‡³ğŸ‡± Belandaâ€¦"
250,NickKara,"RT @LuixenS: EXCLUSIVE WORLD CUP CARD GIVEAWAY THANKS TO @EAFIFAMOBILE 

Requirements:
- Follow @EAFIFAMOBILE and @LuixenS 
- RT this Tweetâ€¦"
251,Arsenalfandom,RT @David_Ornstein: ğŸš¨ Arsenal priority for January window is Mykhaylo Mudryk. No agreements but conversations happening &amp; 21yo Shakhtar Donâ€¦
252,Canuckgirl20,"I never thought that any World Cup would top 2010 South Africa.. but wow Qatar 2022 has been something for the books and especially because of Morocco's success and the unity of Africa and Muslims. And ofc Qatar has been an amazing host for the games, what a World Cup â¤ğŸ‘"
253,dreyamedia,DEADLINE: World Cup Ratings: Englandâ€™s Defeat To France Is Most-Watched UK Broadcast Of The Year With 21.3MÂ Peak https://t.co/YM4HsDWcsf
254,thedextazlab,"Manchester City Benefit From World Cup Quarter-Final Results, But Tottenham Hotspur Could Suffer https://t.co/F7EaF2qDJJ"
255,pmevans5,"RT @LLibertadAvanza: Because we are a country, not a Disney movie.  https://t.co/k8Lps8PgW2"
256,CorbenDallas000,"RT @BlueMove_OA: ğŸ‡¶ğŸ‡¦ Road to Qatar 2022 

Users who hold the nation flag NFT can join the free-mint pool of the World Cup players' launchpadâ€¦"
257,melvin_cfc,"RT @CFCDaily: Chelsea are exploring the possibility of bringing Youssoufa Moukoko to Stamford Bridge. [@David_Ornstein] #cfc 

 https://t.câ€¦"
258,EAY_Sports,"""Ù…ÙŠØ³ÙŠ Ø§Ù„Ù…Ø³ØªÙØ²"" Ù†Ù‚Ø·Ø© ØªØ­ÙˆÙ„ Ø¬Ø¯ÙŠØ¯Ø©.. Ø§Ù„Ø£Ø±Ø¬Ù†ØªÙŠÙ† ØªØºØ§Ø²Ù„ Ù„Ù‚Ø¨ Ø§Ù„Ù…ÙˆÙ†Ø¯ÙŠØ§Ù„

https://t.co/ehyh61jAd3

#ÙƒØ£Ø³_Ø§Ù„Ø¹Ø§Ù„Ù…_Ù‚Ø·Ø±_2022  #Ø§Ù„Ø£Ø±Ø¬Ù†ØªÙŠÙ†_ÙƒØ±ÙˆØ§ØªÙŠØ§ 
#ÙƒØ§Ø³_Ø§Ù„Ø¹Ø§Ù„Ù…_FIFA   #FIFAWorldCup 
#Ø§Ù„Ø¥Ù…Ø§Ø±Ø§Øª_Ø§Ù„ÙŠÙˆÙ… #Ø§Ù„Ø¥Ù…Ø§Ø±Ø§Øª_Ø§Ù„ÙŠÙˆÙ…_Ø§Ù„Ø±ÙŠØ§Ø¶Ø© https://t.co/mvTzfhxzDP"
259,extraaustin,RT @ahmedQ8_2002: #6. Assist vs Netherlands in World Cup 2022 QF https://t.co/ish6P5ANQB
260,DhannoArsenal,RT @David_Ornstein: ğŸš¨ Arsenal priority for January window is Mykhaylo Mudryk. No agreements but conversations happening &amp; 21yo Shakhtar Donâ€¦
261,DonPabl0_,"2022 WORLD CUP
Luka Modric or Tchouameni (Real Madrid)"
262,TexasDem2,"World Cup Ratings: Englandâ€™s Defeat To France Is
Most-Watched UK TV Broadcast Of The Year With 21.3M Peak 
https://t.co/v8U1igMGlg"
263,JAEmmanuel9,RT @David_Ornstein: ğŸš¨ Arsenal priority for January window is Mykhaylo Mudryk. No agreements but conversations happening &amp; 21yo Shakhtar Donâ€¦
264,AyomideGeorge,RT @AbsoluteChelsea: #Chelsea are exploring the possibility of signing Youssoufa Moukoko. A move is 'certainly not done' but other Premierâ€¦
265,afccjoee,RT @David_Ornstein: ğŸš¨ Arsenal priority for January window is Mykhaylo Mudryk. No agreements but conversations happening &amp; 21yo Shakhtar Donâ€¦
266,Babarka1stbaap,"Captain Babar Azam in 2022
9 out of 10 L for KK
Lost 1-0 vs Aus at home
1-1 draw vs SL
Bottled one of the easiest Asia cup
Lost the world cup final
Lost 2-0 to England at home

The GOAT captain ğŸ˜‚"
267,plasebouvart,"RT @LLibertadAvanza: Because we are a country, not a Disney movie.  https://t.co/k8Lps8PgW2"
268,JoshJr89111205,RT @AbsoluteChelsea: #Chelsea are exploring the possibility of signing Youssoufa Moukoko. A move is 'certainly not done' but other Premierâ€¦
269,sir_Khaay,RT @liam_twomey: I took a break from the World Cup to write about Injury FC ğŸ‘‡ #CFC https://t.co/vXti9A2495
270,R_T_Q2022,"Who do you want to win the Qatar 2022 World Cup?

Croatia     ğŸ‡­ğŸ‡·
Morocco  ğŸ‡²ğŸ‡¦
Argentina ğŸ‡¦ğŸ‡·
France      ğŸ‡¨ğŸ‡µ

Could it be a first time winner? ğŸ‘€"
271,TunmiseAlabi1,"RT @the_real_comfyy: Choose your betting options for World Cup 2022, place stakes on top matches and get excited about World Cup 2022 withâ€¦"
272,Tinooooo15,RT @David_Ornstein: ğŸš¨ Arsenal priority for January window is Mykhaylo Mudryk. No agreements but conversations happening &amp; 21yo Shakhtar Donâ€¦
273,Obadimz,RT @AfricaFactsZone: Morocco and Croatia are the only teams who haven't lost a game at the 2022 FIFA World Cup in Qatar.
274,Emkusa618,RT @David_Ornstein: ğŸš¨ Arsenal priority for January window is Mykhaylo Mudryk. No agreements but conversations happening &amp; 21yo Shakhtar Donâ€¦
275,POISSENOT,ğŸ‘‡ğŸš¨ https://t.co/r5sSJ4H28P
276,kotetsu_g10,"RT @tak53381102: å…ƒç¥–ã‚³ãƒ­ãƒŠã‚¦ã‚¤ãƒ«ã‚¹ã®MERSã‹ã€‚ç¢ºã‹ã«ã‚µãƒƒã‚«ãƒ¼è¦³æˆ¦å¾Œã«è¦³å…‰ã«è¡Œãäººã¯æ³¨æ„ã ãª
https://t.co/TpVDNyYDij

â€ãƒ¯ãƒ¼ãƒ«ãƒ‰ã‚«ãƒƒãƒ—ã‹ã‚‰å¸°å›½ã—ãŸã‚¤ãƒ³ã‚°ãƒ©ãƒ³ãƒ‰ãƒ»ãƒ•ã‚¡ãƒ³ã¯ã€è‡´å‘½çš„ãªãƒ©ã‚¯ãƒ€é¢¨é‚ªã‚’å®¶ã«æŒã¡å¸°ã‚‹å±é™ºæ€§ã«ã¤ã„ã¦è­¦å‘Šã•ã‚Œã¦ã„ã‚‹ã€‚â†’"
277,Ovo_himsef449,"RT @leotventertain: Today's meme thread ğŸ˜‚ğŸ˜‚ğŸ˜‚ From Qatar 2022 FIFA World cup to Wizkid (Sir Wizkid, Big WIZ, Popsy)-Ghana show to Dark humorsâ€¦"
278,26Ceicei,"RT @Tommy_desky: Bedah Tim produksi siaran langsung FIFA World Cup 2022.

Di Pildun 2022 memakai 42 Kamera &amp; sekitar 2500 crew produksi siaâ€¦"
279,_hantusingle_,RT @David_Ornstein: ğŸš¨ Arsenal priority for January window is Mykhaylo Mudryk. No agreements but conversations happening &amp; 21yo Shakhtar Donâ€¦
280,IamAhrtom,RT @David_Ornstein: ğŸš¨ Arsenal priority for January window is Mykhaylo Mudryk. No agreements but conversations happening &amp; 21yo Shakhtar Donâ€¦
281,Varun9Vijay,"RT @GuardianUS: Grant Wahl was a kind, wise champion of the voiceless in soccer https://t.co/4VKsIc4ElP"
282,CollinsRvssian,@sportbible This world cup 2022 was a well orchestrated move to have messi win it.
283,CSthoi,"RT @SerieTV46: ""Dreamers (FiFA World Cup 2022 Official Soundtrack)"" by #JUNGKOOK of @BTS_twt it's the most streamed song by a Kpop Act of 1â€¦"
284,Charlie_wood30,"RT @Zonal_Marking: Englandâ€™s tactical plan v France probably the best of the Southgate era, exploiting space behind Mbappe. Henderson overlâ€¦"
285,AlexKayJelski,"RT @TimSpiers: ğŸ‡­ğŸ‡· Not overcoached
ğŸ‡­ğŸ‡· Friends, not team mates
ğŸ‡­ğŸ‡· No cliques
ğŸ‡­ğŸ‡· Having to learn for themselves

Slaven Bilic explains how a câ€¦"
286,JosRoldnDorado1,"RT @Geryco81: ğŸ’‰ğŸ Regalatela por Navidad!! ğŸ˜´
#repentinitis #COVID #vacunacion

https://t.co/E9rpcBvTU3 https://t.co/I0Ad66TvZ4"
287,JimHagart,Why canâ€™t Scotland get to the World Cup semi finals? https://t.co/FLEwH8hCCu
288,Grandedmaster,RT @AbsoluteChelsea: #Chelsea are exploring the possibility of signing Youssoufa Moukoko. A move is 'certainly not done' but other Premierâ€¦
289,Gullit_VC,"RT @WellaHealth: Predict and Win the FIFA World Cup  2022 and win a Phone!

Here's how to play:
Visit: https://t.co/5ujbQX5T0u
* Choose a tâ€¦"
290,MUFCNewsApp,Facundo Pellistri returns to Manchester after World Cup exit: https://t.co/XcmJLRxqrV
291,forestnews_app,"Report: Forest rivalled Manchester United for World Cup shootout king, Â£5m deal was close: https://t.co/8ySJmgd12W"
292,SpursNewsApp,â€œA riskâ€- Robinson urges Tottenham to wait until the summer to land World Cup hero: https://t.co/eSKtBmB8Sr
293,SpursNewsApp,Exclusive: World Cup star linked with Spurs transfer wonâ€™t move in January but 2nd half of season could be crucial: https://t.co/9I7s44uj7h
294,wifeyofsuga,"RT @SerieTV46: ""Dreamers (FiFA World Cup 2022 Official Soundtrack)"" by #JUNGKOOK of @BTS_twt it's the most streamed song by a Kpop Act of 1â€¦"
295,AddaMerouani,RT @David_Ornstein: ğŸš¨ Arsenal priority for January window is Mykhaylo Mudryk. No agreements but conversations happening &amp; 21yo Shakhtar Donâ€¦
296,badrusalamm,"RT @Tommy_desky: Bedah Tim produksi siaran langsung FIFA World Cup 2022.

Di Pildun 2022 memakai 42 Kamera &amp; sekitar 2500 crew produksi siaâ€¦"
297,Aidankabudi,"RT @afcstuff: The full article on potential January moves for Arsenal, including Mykhaylo Mudryk, Yunus Musah, Joao Felix, Matheus Cunha &amp;â€¦"
298,Makmey29,"RT @CryptoAgresivoo: 150$ Giveaway in 24h 

âœ… Join https://t.co/369JdfAzAr

âœ… (+100$) RT + Like: https://t.co/0TptW0s7Lwâ€¦

âœ… (+50$) tag 3 fâ€¦"
299,tsubasa283wwe,"RT @soccanime: FIFA WORLD CUP QATAR 2022
ãƒ©ã‚¦ãƒ³ãƒ‰16
æ—¥æœ¬ 1-1 ã‚¯ãƒ­ã‚¢ãƒã‚¢
PK 1-3

å‰ç”°âš½ https://t.co/qyes5EtYdG"
